<?xml version="1.0" encoding="UTF-8"?>
<rdf:RDF  xmlns:cim="http://iec.ch/TC57/2013/CIM-schema-cim16#" xmlns:entsoe="http://entsoe.eu/CIM/SchemaExtension/3/1#" xmlns:md="http://iec.ch/TC57/61970-552/ModelDescription/1#" xmlns:rdf="http://www.w3.org/1999/02/22-rdf-syntax-ns#">
<!-- Exported from CIMSpy EE/CIMdesk on Sun May 31 08:20:55.222. -->
	<md:FullModel rdf:about="urn:uuid:2399cbd0-9a39-11e0-aa80-0800200c9a66">
		<md:Model.scenarioTime>2030-01-02T09:00:00.000</md:Model.scenarioTime>
		<md:Model.created>2014-10-27T09:01:25.830</md:Model.created>
		<md:Model.description>CGMES Conformity Assessment: Small Grid Test Configuration. The model is owned by ENTSO-E and is provided by ENTSO-E &quot;as it is&quot;. To the fullest extent permitted by law, ENTSO-E shall not be liable for any damages of any kind arising out of the use of the model (including any of its subsequent modifications). ENTSO-E neither warrants, nor represents that the use of the model will not infringe the rights of third parties. Any use of the model shall include a reference to ENTSO-E. ENTSO-E web site is the only official source of information related to the model.</md:Model.description>
		<md:Model.version>4</md:Model.version>
		<md:Model.profile>http://entsoe.eu/CIM/EquipmentBoundary/3/1</md:Model.profile>
		<md:Model.profile>http://entsoe.eu/CIM/EquipmentBoundaryOperation/3/1</md:Model.profile>
		<md:Model.modelingAuthoritySet>http://EU/Planning/ENTSOE/2</md:Model.modelingAuthoritySet>
	</md:FullModel>
	<cim:BaseVoltage rdf:ID="_af264e1c-ab1f-4f3b-88c4-ab019b9abf07">
		<cim:IdentifiedObject.description>BV 132 kV</cim:IdentifiedObject.description>
		<cim:IdentifiedObject.name>BV_132</cim:IdentifiedObject.name>
		<entsoe:IdentifiedObject.shortName>BV132</entsoe:IdentifiedObject.shortName>
		<cim:BaseVoltage.nominalVoltage>132</cim:BaseVoltage.nominalVoltage>
	</cim:BaseVoltage>
	<cim:BaseVoltage rdf:ID="_e557cd71-6e24-4daf-9abe-cb188e8f98be">
		<cim:IdentifiedObject.description>BV 220 kV</cim:IdentifiedObject.description>
		<cim:IdentifiedObject.name>BV_220</cim:IdentifiedObject.name>
		<entsoe:IdentifiedObject.shortName>BV220</entsoe:IdentifiedObject.shortName>
		<cim:BaseVoltage.nominalVoltage>220</cim:BaseVoltage.nominalVoltage>
	</cim:BaseVoltage>
	<cim:ConnectivityNode rdf:ID="_49831d24-33e9-4233-8424-3f88186a924e">
		<cim:IdentifiedObject.description>OHL_and_CAB 132 kV</cim:IdentifiedObject.description>
		<entsoe:IdentifiedObject.energyIdentCodeEic>10T-DK-SE-00001D</entsoe:IdentifiedObject.energyIdentCodeEic>
		<cim:IdentifiedObject.name>XMO_TE31</cim:IdentifiedObject.name>
		<entsoe:ConnectivityNode.boundaryPoint>true</entsoe:ConnectivityNode.boundaryPoint>
		<entsoe:ConnectivityNode.fromEndIsoCode>DK</entsoe:ConnectivityNode.fromEndIsoCode>
		<entsoe:ConnectivityNode.fromEndName>Teglstrupgård</entsoe:ConnectivityNode.fromEndName>
		<entsoe:ConnectivityNode.fromEndNameTso>Energinet.dk</entsoe:ConnectivityNode.fromEndNameTso>
		<entsoe:ConnectivityNode.toEndIsoCode>SE</entsoe:ConnectivityNode.toEndIsoCode>
		<entsoe:ConnectivityNode.toEndName>Mörarp</entsoe:ConnectivityNode.toEndName>
		<entsoe:ConnectivityNode.toEndNameTso>Svenska Kraftnät</entsoe:ConnectivityNode.toEndNameTso>
		<cim:ConnectivityNode.ConnectivityNodeContainer rdf:resource="#_c3f46fe5-0cd1-4a1c-b722-e967b9ab21e2"/>
		<entsoe:IdentifiedObject.shortName>XMO_TE31</entsoe:IdentifiedObject.shortName>
	</cim:ConnectivityNode>
	<cim:ConnectivityNode rdf:ID="_8a5a6e86-55e4-476b-a3bd-7832e6168569">
		<cim:IdentifiedObject.description>OHL_and_CAB 132 kV</cim:IdentifiedObject.description>
		<entsoe:IdentifiedObject.energyIdentCodeEic>10T-DK-sE-00001S</entsoe:IdentifiedObject.energyIdentCodeEic>
		<cim:IdentifiedObject.name>XMO_TE32</cim:IdentifiedObject.name>
		<entsoe:ConnectivityNode.boundaryPoint>true</entsoe:ConnectivityNode.boundaryPoint>
		<entsoe:ConnectivityNode.fromEndIsoCode>DK</entsoe:ConnectivityNode.fromEndIsoCode>
		<entsoe:ConnectivityNode.fromEndName>Teglstrupgård</entsoe:ConnectivityNode.fromEndName>
		<entsoe:ConnectivityNode.fromEndNameTso>Energinet.dk</entsoe:ConnectivityNode.fromEndNameTso>
		<entsoe:ConnectivityNode.toEndIsoCode>SE</entsoe:ConnectivityNode.toEndIsoCode>
		<entsoe:ConnectivityNode.toEndName>Mörarp</entsoe:ConnectivityNode.toEndName>
		<entsoe:ConnectivityNode.toEndNameTso>Svenska Kraftnät</entsoe:ConnectivityNode.toEndNameTso>
		<cim:ConnectivityNode.ConnectivityNodeContainer rdf:resource="#_0b5bf2ef-a008-4b9a-9fe9-3c528c8bec50"/>
		<entsoe:IdentifiedObject.shortName>XMO_TE32</entsoe:IdentifiedObject.shortName>
	</cim:ConnectivityNode>
	<cim:ConnectivityNode rdf:ID="_183d126d-2522-4ff2-a8cd-c5016cf09c1b">
		<cim:IdentifiedObject.description>OHL 220 kV</cim:IdentifiedObject.description>
		<entsoe:IdentifiedObject.energyIdentCodeEic>10T-AT-DE-00001A</entsoe:IdentifiedObject.energyIdentCodeEic>
		<cim:IdentifiedObject.name>XWE_BR21</cim:IdentifiedObject.name>
		<entsoe:ConnectivityNode.boundaryPoint>true</entsoe:ConnectivityNode.boundaryPoint>
		<entsoe:ConnectivityNode.fromEndIsoCode>AT</entsoe:ConnectivityNode.fromEndIsoCode>
		<entsoe:ConnectivityNode.fromEndName>Westtirol</entsoe:ConnectivityNode.fromEndName>
		<entsoe:ConnectivityNode.fromEndNameTso>TIWAG</entsoe:ConnectivityNode.fromEndNameTso>
		<entsoe:ConnectivityNode.toEndIsoCode>DE</entsoe:ConnectivityNode.toEndIsoCode>
		<entsoe:ConnectivityNode.toEndName>Bürs</entsoe:ConnectivityNode.toEndName>
		<entsoe:ConnectivityNode.toEndNameTso>DE</entsoe:ConnectivityNode.toEndNameTso>
		<cim:ConnectivityNode.ConnectivityNodeContainer rdf:resource="#_41d4fafe-e4ce-4ca3-86d9-f181ae3f8ea3"/>
		<entsoe:IdentifiedObject.shortName>XWE_BR21</entsoe:IdentifiedObject.shortName>
	</cim:ConnectivityNode>
	<cim:GeographicalRegion rdf:ID="_4cb71c9a-6201-42ac-90ab-97baf95c107b">
		<cim:IdentifiedObject.description>Geographical Region of EU</cim:IdentifiedObject.description>
		<entsoe:IdentifiedObject.energyIdentCodeEic>10Y-CB-EU-00001E</entsoe:IdentifiedObject.energyIdentCodeEic>
		<cim:IdentifiedObject.name>EU</cim:IdentifiedObject.name>
		<entsoe:IdentifiedObject.shortName>EU</entsoe:IdentifiedObject.shortName>
	</cim:GeographicalRegion>
	<cim:Junction rdf:ID="_7ca3e3a5-eab5-47bb-b16f-df070d8e18f3">
		<cim:IdentifiedObject.name>junction1</cim:IdentifiedObject.name>
		<cim:Equipment.EquipmentContainer rdf:resource="#_41d4fafe-e4ce-4ca3-86d9-f181ae3f8ea3"/>
		<cim:IdentifiedObject.description>1</cim:IdentifiedObject.description>
		<entsoe:IdentifiedObject.shortName>j1</entsoe:IdentifiedObject.shortName>
	</cim:Junction>
	<cim:Junction rdf:ID="_72acb9ad-9a24-4b1b-bb6c-c906031151f0">
		<cim:IdentifiedObject.name>junction2</cim:IdentifiedObject.name>
		<cim:Equipment.EquipmentContainer rdf:resource="#_c3f46fe5-0cd1-4a1c-b722-e967b9ab21e2"/>
		<cim:IdentifiedObject.description>2</cim:IdentifiedObject.description>
		<entsoe:IdentifiedObject.shortName>j2</entsoe:IdentifiedObject.shortName>
	</cim:Junction>
	<cim:Junction rdf:ID="_e0fe87f5-3ba8-491e-964a-2e292a4e09ec">
		<cim:IdentifiedObject.name>junction3</cim:IdentifiedObject.name>
		<cim:Equipment.EquipmentContainer rdf:resource="#_0b5bf2ef-a008-4b9a-9fe9-3c528c8bec50"/>
		<cim:IdentifiedObject.description>3</cim:IdentifiedObject.description>
		<entsoe:IdentifiedObject.shortName>j3</entsoe:IdentifiedObject.shortName>
	</cim:Junction>
	<cim:Line rdf:ID="_c3f46fe5-0cd1-4a1c-b722-e967b9ab21e2">
		<cim:IdentifiedObject.name>TieLine_XMO_TE31</cim:IdentifiedObject.name>
		<cim:Line.Region rdf:resource="#_fc57c438-f814-4bf0-9030-790d68ed1694"/>
		<cim:IdentifiedObject.description>1</cim:IdentifiedObject.description>
		<entsoe:IdentifiedObject.shortName>l1</entsoe:IdentifiedObject.shortName>
	</cim:Line>
	<cim:Line rdf:ID="_0b5bf2ef-a008-4b9a-9fe9-3c528c8bec50">
		<cim:IdentifiedObject.name>TieLine_XMO_TE32</cim:IdentifiedObject.name>
		<cim:Line.Region rdf:resource="#_fc57c438-f814-4bf0-9030-790d68ed1694"/>
		<cim:IdentifiedObject.description>2</cim:IdentifiedObject.description>
		<entsoe:IdentifiedObject.shortName>l2</entsoe:IdentifiedObject.shortName>
	</cim:Line>
	<cim:Line rdf:ID="_41d4fafe-e4ce-4ca3-86d9-f181ae3f8ea3">
		<cim:IdentifiedObject.name>TieLine_XWE_BR21</cim:IdentifiedObject.name>
		<cim:Line.Region rdf:resource="#_fc57c438-f814-4bf0-9030-790d68ed1694"/>
		<cim:IdentifiedObject.description>3</cim:IdentifiedObject.description>
		<entsoe:IdentifiedObject.shortName>l3</entsoe:IdentifiedObject.shortName>
	</cim:Line>
	<cim:SubGeographicalRegion rdf:ID="_fc57c438-f814-4bf0-9030-790d68ed1694">
		<cim:IdentifiedObject.description>SubGeographical Region of ENTSO-E</cim:IdentifiedObject.description>
		<entsoe:IdentifiedObject.energyIdentCodeEic>10Y-CB-ENTSO-001</entsoe:IdentifiedObject.energyIdentCodeEic>
		<cim:IdentifiedObject.name>ENTSO-E</cim:IdentifiedObject.name>
		<entsoe:IdentifiedObject.shortName>ENTSO-E</entsoe:IdentifiedObject.shortName>
		<cim:SubGeographicalRegion.Region rdf:resource="#_4cb71c9a-6201-42ac-90ab-97baf95c107b"/>
	</cim:SubGeographicalRegion>
	<cim:Terminal rdf:ID="_65a95678-1819-43cd-94d2-a03756822725">
		<cim:IdentifiedObject.name>junctionTerminal</cim:IdentifiedObject.name>
		<cim:Terminal.ConductingEquipment rdf:resource="#_7ca3e3a5-eab5-47bb-b16f-df070d8e18f3"/>
	</cim:Terminal>
	<cim:Terminal rdf:ID="_5c96df9d-39fa-46fe-a424-7b3e50184f79">
		<cim:IdentifiedObject.name>junctionTerminal</cim:IdentifiedObject.name>
		<cim:Terminal.ConductingEquipment rdf:resource="#_72acb9ad-9a24-4b1b-bb6c-c906031151f0"/>
	</cim:Terminal>
	<cim:Terminal rdf:ID="_9c6a1e49-17b2-46fc-8e32-c95dec33eba8">
		<cim:IdentifiedObject.name>junctionTerminal</cim:IdentifiedObject.name>
		<cim:Terminal.ConductingEquipment rdf:resource="#_e0fe87f5-3ba8-491e-964a-2e292a4e09ec"/>
	</cim:Terminal>
	<entsoe:EnergySchedulingType rdf:ID="_57a34c10-edc9-db4c-c4fb-fc06367285f8">
		<cim:IdentifiedObject.description>Biomass Energy Scheduling Type</cim:IdentifiedObject.description>
		<cim:IdentifiedObject.name>Biomass</cim:IdentifiedObject.name>
		<entsoe:IdentifiedObject.shortName>Bio</entsoe:IdentifiedObject.shortName>
	</entsoe:EnergySchedulingType>
	<entsoe:EnergySchedulingType rdf:ID="_eb480ce2-3925-ce20-3bf6-b26e95c47b3f">
		<cim:IdentifiedObject.description>Co-generation Energy Scheduling Type</cim:IdentifiedObject.description>
		<cim:IdentifiedObject.name>Co-generation</cim:IdentifiedObject.name>
		<entsoe:IdentifiedObject.shortName>Cog</entsoe:IdentifiedObject.shortName>
	</entsoe:EnergySchedulingType>
	<entsoe:EnergySchedulingType rdf:ID="_3f3f7dda-a26a-792f-9707-f4de5f077cf3">
		<cim:IdentifiedObject.description>Geothermal Energy Scheduling Type</cim:IdentifiedObject.description>
		<cim:IdentifiedObject.name>Geothermal</cim:IdentifiedObject.name>
		<entsoe:IdentifiedObject.shortName>Geo</entsoe:IdentifiedObject.shortName>
	</entsoe:EnergySchedulingType>
	<entsoe:EnergySchedulingType rdf:ID="_801a6158-3a73-f5c3-e28d-34771df22617">
		<cim:IdentifiedObject.description>Marine Energy Scheduling Type</cim:IdentifiedObject.description>
		<cim:IdentifiedObject.name>Marine</cim:IdentifiedObject.name>
		<entsoe:IdentifiedObject.shortName>Mar</entsoe:IdentifiedObject.shortName>
	</entsoe:EnergySchedulingType>
	<entsoe:EnergySchedulingType rdf:ID="_3ebfc355-3ecf-cb3d-76a4-0da84083c240">
		<cim:IdentifiedObject.description>Other Renewable Energy Scheduling Type</cim:IdentifiedObject.description>
		<cim:IdentifiedObject.name>OtherRenewable</cim:IdentifiedObject.name>
		<entsoe:IdentifiedObject.shortName>Other</entsoe:IdentifiedObject.shortName>
	</entsoe:EnergySchedulingType>
	<entsoe:EnergySchedulingType rdf:ID="_977fe39d-1cc1-3e3e-5e6a-bec301be214d">
		<cim:IdentifiedObject.description>Waste Energy Scheduling Type</cim:IdentifiedObject.description>
		<cim:IdentifiedObject.name>Waste</cim:IdentifiedObject.name>
		<entsoe:IdentifiedObject.shortName>Was</entsoe:IdentifiedObject.shortName>
	</entsoe:EnergySchedulingType>
</rdf:RDF>
