**Parameter**;**Datatype**;**Explanation**
p_mw;float;active power at the AC bus [MW]
q_mvar;float;reactive power at the AC bus [MVAr]
p_dc_mw;float;DC power flowing from the DC grid into the VSC, sum of p_dc_mw_p and p_dc_mw_m [MW]
p_dc_mw_p;float;DC power at the plus terminal bus [MW]
p_dc_mw_m;float;DC power at the minus terminal bus [MW]
i_dc_ka;float;DC current flowing from the plus terminal bus into the VSC [kA]
vm_internal_pu;float;voltage magnitude at the internal AC bus [pu]
va_internal_degree;float;voltage angle at the internal AC bus [degree]
vm_pu;float;voltage magnitude at the AC bus [pu]
va_degree;float;voltage angle at the AC bus [degree]
vm_internal_dc_pu;float;voltage at the internal DC bus [pu]
vm_dc_pu_p;float;voltage at the plus terminal bus [pu]
vm_dc_pu_m;float;voltage at the minus terminal bus [pu]
